FECHA,NOM_POSTE,LAT,LON,ALT,RR,TM
2026-04-05,BEDARIEUX,43.639833,3.146,373,0.1,15.5
2026-04-06,BEDARIEUX,43.639833,3.146,373,0.0,16.15
2026-04-07,BEDARIEUX,43.639833,3.146,373,0.0,13.3
2026-04-08,BEDARIEUX,43.639833,3.146,373,0.0,14.85
2026-04-09,BEDARIEUX,43.639833,3.146,373,0.0,18.45
2026-04-10,BEDARIEUX,43.639833,3.146,373,0.0,12.55
2026-04-11,BEDARIEUX,43.639833,3.146,373,0.0,11.15
2026-04-12,BEDARIEUX,43.639833,3.146,373,0.0,10.3
2026-04-13,BEDARIEUX,43.639833,3.146,373,1.6,10.8
2026-04-14,BEDARIEUX,43.639833,3.146,373,0.0,10.85
2026-04-15,BEDARIEUX,43.639833,3.146,373,1.4,11.9
2026-04-16,BEDARIEUX,43.639833,3.146,373,0.6,12.65
2026-04-17,BEDARIEUX,43.639833,3.146,373,0.2,12.75
2026-04-18,BEDARIEUX,43.639833,3.146,373,2.8,12.6
2026-04-19,BEDARIEUX,43.639833,3.146,373,,
2026-04-05,BEZIERS-COURTADE,43.334333,3.155,25,0.0,14.75
2026-04-06,BEZIERS-COURTADE,43.334333,3.155,25,0.0,15.55
2026-04-07,BEZIERS-COURTADE,43.334333,3.155,25,0.0,15.4
2026-04-08,BEZIERS-COURTADE,43.334333,3.155,25,0.0,15.7
2026-04-09,BEZIERS-COURTADE,43.334333,3.155,25,0.0,19.65
2026-04-10,BEZIERS-COURTADE,43.334333,3.155,25,0.0,15.4
2026-04-11,BEZIERS-COURTADE,43.334333,3.155,25,0.0,12.5
2026-04-12,BEZIERS-COURTADE,43.334333,3.155,25,0.0,12.85
2026-04-13,BEZIERS-COURTADE,43.334333,3.155,25,0.6,14.4
2026-04-14,BEZIERS-COURTADE,43.334333,3.155,25,0.0,13.35
2026-04-15,BEZIERS-COURTADE,43.334333,3.155,25,0.0,14.0
2026-04-16,BEZIERS-COURTADE,43.334333,3.155,25,0.0,14.9
2026-04-17,BEZIERS-COURTADE,43.334333,3.155,25,0.0,14.95
2026-04-18,BEZIERS-COURTADE,43.334333,3.155,25,0.4,14.75
2026-04-19,BEZIERS-COURTADE,43.334333,3.155,25,,
2026-04-05,BEZIERS-VIAS,43.322,3.352667,15,0.0,14.65
2026-04-06,BEZIERS-VIAS,43.322,3.352667,15,0.0,14.45
2026-04-07,BEZIERS-VIAS,43.322,3.352667,15,0.0,14.85
2026-04-08,BEZIERS-VIAS,43.322,3.352667,15,0.0,14.6
2026-04-09,BEZIERS-VIAS,43.322,3.352667,15,0.0,19.05
2026-04-10,BEZIERS-VIAS,43.322,3.352667,15,0.0,15.65
2026-04-11,BEZIERS-VIAS,43.322,3.352667,15,0.0,12.65
2026-04-12,BEZIERS-VIAS,43.322,3.352667,15,0.0,13.05
2026-04-13,BEZIERS-VIAS,43.322,3.352667,15,0.6,14.2
2026-04-14,BEZIERS-VIAS,43.322,3.352667,15,0.0,13.6
2026-04-15,BEZIERS-VIAS,43.322,3.352667,15,0.0,14.0
2026-04-16,BEZIERS-VIAS,43.322,3.352667,15,0.0,14.85
2026-04-17,BEZIERS-VIAS,43.322,3.352667,15,0.0,14.8
2026-04-18,BEZIERS-VIAS,43.322,3.352667,15,0.4,14.75
2026-04-19,BEZIERS-VIAS,43.322,3.352667,15,,
2026-04-05,CAMBON-ET-SALVERGUES,43.622333,2.865333,955,0.0,14.35
2026-04-06,CAMBON-ET-SALVERGUES,43.622333,2.865333,955,0.0,14.5
2026-04-07,CAMBON-ET-SALVERGUES,43.622333,2.865333,955,0.0,11.25
2026-04-08,CAMBON-ET-SALVERGUES,43.622333,2.865333,955,0.0,12.8
2026-04-09,CAMBON-ET-SALVERGUES,43.622333,2.865333,955,0.0,15.3
2026-04-10,CAMBON-ET-SALVERGUES,43.622333,2.865333,955,0.0,6.7
2026-04-11,CAMBON-ET-SALVERGUES,43.622333,2.865333,955,0.0,6.85
2026-04-12,CAMBON-ET-SALVERGUES,43.622333,2.865333,955,0.4,6.7
2026-04-13,CAMBON-ET-SALVERGUES,43.622333,2.865333,955,3.0,5.85
2026-04-14,CAMBON-ET-SALVERGUES,43.622333,2.865333,955,0.2,5.1
2026-04-15,CAMBON-ET-SALVERGUES,43.622333,2.865333,955,1.6,6.5
2026-04-16,CAMBON-ET-SALVERGUES,43.622333,2.865333,955,0.8,7.0
2026-04-17,CAMBON-ET-SALVERGUES,43.622333,2.865333,955,0.6,7.05
2026-04-18,CAMBON-ET-SALVERGUES,43.622333,2.865333,955,2.8,7.0
2026-04-19,CAMBON-ET-SALVERGUES,43.622333,2.865333,955,,
2026-04-05,CASTANET LE HAUT_SAPC,43.6675,2.976167,424,0.0,15.9
2026-04-06,CASTANET LE HAUT_SAPC,43.6675,2.976167,424,0.0,16.5
2026-04-07,CASTANET LE HAUT_SAPC,43.6675,2.976167,424,0.0,12.55
2026-04-08,CASTANET LE HAUT_SAPC,43.6675,2.976167,424,0.0,14.05
2026-04-09,CASTANET LE HAUT_SAPC,43.6675,2.976167,424,0.0,17.55
2026-04-10,CASTANET LE HAUT_SAPC,43.6675,2.976167,424,0.0,11.35
2026-04-11,CASTANET LE HAUT_SAPC,43.6675,2.976167,424,0.0,10.55
2026-04-12,CASTANET LE HAUT_SAPC,43.6675,2.976167,424,0.0,10.5
2026-04-13,CASTANET LE HAUT_SAPC,43.6675,2.976167,424,1.6,10.1
2026-04-14,CASTANET LE HAUT_SAPC,43.6675,2.976167,424,0.0,10.05
2026-04-15,CASTANET LE HAUT_SAPC,43.6675,2.976167,424,1.4,11.25
2026-04-16,CASTANET LE HAUT_SAPC,43.6675,2.976167,424,0.6,11.85
2026-04-17,CASTANET LE HAUT_SAPC,43.6675,2.976167,424,0.2,12.0
2026-04-18,CASTANET LE HAUT_SAPC,43.6675,2.976167,424,2.8,11.9
2026-04-19,CASTANET LE HAUT_SAPC,43.6675,2.976167,424,,
2026-04-05,LA VACQUERIE_SAPC,43.792,3.457833,620,0.0,14.1
2026-04-06,LA VACQUERIE_SAPC,43.792,3.457833,620,0.0,14.8
2026-04-07,LA VACQUERIE_SAPC,43.792,3.457833,620,0.0,12.0
2026-04-08,LA VACQUERIE_SAPC,43.792,3.457833,620,0.0,13.15
2026-04-09,LA VACQUERIE_SAPC,43.792,3.457833,620,0.0,15.5
2026-04-10,LA VACQUERIE_SAPC,43.792,3.457833,620,0.0,10.55
2026-04-11,LA VACQUERIE_SAPC,43.792,3.457833,620,0.0,9.35
2026-04-12,LA VACQUERIE_SAPC,43.792,3.457833,620,0.0,7.8
2026-04-13,LA VACQUERIE_SAPC,43.792,3.457833,620,0.6,8.85
2026-04-14,LA VACQUERIE_SAPC,43.792,3.457833,620,0.0,9.2
2026-04-15,LA VACQUERIE_SAPC,43.792,3.457833,620,0.4,9.85
2026-04-16,LA VACQUERIE_SAPC,43.792,3.457833,620,0.2,10.5
2026-04-17,LA VACQUERIE_SAPC,43.792,3.457833,620,0.2,10.45
2026-04-18,LA VACQUERIE_SAPC,43.792,3.457833,620,2.8,10.4
2026-04-19,LA VACQUERIE_SAPC,43.792,3.457833,620,,
2026-04-05,LE CAYLAR_SAPC,43.867167,3.3085,729,0.0,11.2
2026-04-06,LE CAYLAR_SAPC,43.867167,3.3085,729,0.0,13.4
2026-04-07,LE CAYLAR_SAPC,43.867167,3.3085,729,0.0,11.45
2026-04-08,LE CAYLAR_SAPC,43.867167,3.3085,729,0.0,12.45
2026-04-09,LE CAYLAR_SAPC,43.867167,3.3085,729,0.0,14.45
2026-04-10,LE CAYLAR_SAPC,43.867167,3.3085,729,0.0,9.25
2026-04-11,LE CAYLAR_SAPC,43.867167,3.3085,729,0.0,8.15
2026-04-12,LE CAYLAR_SAPC,43.867167,3.3085,729,0.2,7.35
2026-04-13,LE CAYLAR_SAPC,43.867167,3.3085,729,0.8,7.5
2026-04-14,LE CAYLAR_SAPC,43.867167,3.3085,729,0.0,7.35
2026-04-15,LE CAYLAR_SAPC,43.867167,3.3085,729,0.4,8.25
2026-04-16,LE CAYLAR_SAPC,43.867167,3.3085,729,0.0,8.85
2026-04-17,LE CAYLAR_SAPC,43.867167,3.3085,729,0.2,8.9
2026-04-18,LE CAYLAR_SAPC,43.867167,3.3085,729,2.0,8.9
2026-04-19,LE CAYLAR_SAPC,43.867167,3.3085,729,,
2026-04-05,LES PLANS,43.786,3.246167,846,0.0,14.85
2026-04-06,LES PLANS,43.786,3.246167,846,0.0,15.75
2026-04-07,LES PLANS,43.786,3.246167,846,0.0,12.8
2026-04-08,LES PLANS,43.786,3.246167,846,0.0,14.5
2026-04-09,LES PLANS,43.786,3.246167,846,0.0,15.4
2026-04-10,LES PLANS,43.786,3.246167,846,0.0,8.7
2026-04-11,LES PLANS,43.786,3.246167,846,0.0,7.65
2026-04-12,LES PLANS,43.786,3.246167,846,0.2,7.45
2026-04-13,LES PLANS,43.786,3.246167,846,0.8,7.25
2026-04-14,LES PLANS,43.786,3.246167,846,0.0,6.85
2026-04-15,LES PLANS,43.786,3.246167,846,0.4,8.15
2026-04-16,LES PLANS,43.786,3.246167,846,0.0,8.5
2026-04-17,LES PLANS,43.786,3.246167,846,0.2,8.7
2026-04-18,LES PLANS,43.786,3.246167,846,2.0,8.8
2026-04-19,LES PLANS,43.786,3.246167,846,,
2026-04-05,LODEVE,43.730333,3.303167,184,0.0,16.05
2026-04-06,LODEVE,43.730333,3.303167,184,0.0,17.7
2026-04-07,LODEVE,43.730333,3.303167,184,0.0,15.35
2026-04-08,LODEVE,43.730333,3.303167,184,0.0,17.15
2026-04-09,LODEVE,43.730333,3.303167,184,0.0,20.1
2026-04-10,LODEVE,43.730333,3.303167,184,0.0,15.05
2026-04-11,LODEVE,43.730333,3.303167,184,0.0,13.55
2026-04-12,LODEVE,43.730333,3.303167,184,0.2,12.25
2026-04-13,LODEVE,43.730333,3.303167,184,0.8,12.55
2026-04-14,LODEVE,43.730333,3.303167,184,0.0,12.95
2026-04-15,LODEVE,43.730333,3.303167,184,0.4,14.05
2026-04-16,LODEVE,43.730333,3.303167,184,0.0,14.65
2026-04-17,LODEVE,43.730333,3.303167,184,0.2,15.0
2026-04-18,LODEVE,43.730333,3.303167,184,2.0,14.85
2026-04-19,LODEVE,43.730333,3.303167,184,,
2026-04-05,LUNAS,43.695833,3.170667,249,0.1,16.05
2026-04-06,LUNAS,43.695833,3.170667,249,0.0,16.35
2026-04-07,LUNAS,43.695833,3.170667,249,0.0,12.9
2026-04-08,LUNAS,43.695833,3.170667,249,0.0,14.5
2026-04-09,LUNAS,43.695833,3.170667,249,0.0,18.6
2026-04-10,LUNAS,43.695833,3.170667,249,0.0,12.75
2026-04-11,LUNAS,43.695833,3.170667,249,0.0,11.55
2026-04-12,LUNAS,43.695833,3.170667,249,0.2,10.8
2026-04-13,LUNAS,43.695833,3.170667,249,0.8,11.0
2026-04-14,LUNAS,43.695833,3.170667,249,0.0,11.0
2026-04-15,LUNAS,43.695833,3.170667,249,0.4,12.05
2026-04-16,LUNAS,43.695833,3.170667,249,0.0,12.75
2026-04-17,LUNAS,43.695833,3.170667,249,0.2,12.8
2026-04-18,LUNAS,43.695833,3.170667,249,2.0,12.6
2026-04-19,LUNAS,43.695833,3.170667,249,,
2026-04-05,MARSEILLAN-INRAE,43.328333,3.565333,1,0.0,13.5
2026-04-06,MARSEILLAN-INRAE,43.328333,3.565333,1,0.0,14.0
2026-04-07,MARSEILLAN-INRAE,43.328333,3.565333,1,0.0,14.35
2026-04-08,MARSEILLAN-INRAE,43.328333,3.565333,1,0.0,14.4
2026-04-09,MARSEILLAN-INRAE,43.328333,3.565333,1,0.0,18.0
2026-04-10,MARSEILLAN-INRAE,43.328333,3.565333,1,0.0,15.3
2026-04-11,MARSEILLAN-INRAE,43.328333,3.565333,1,0.0,12.6
2026-04-12,MARSEILLAN-INRAE,43.328333,3.565333,1,0.0,13.0
2026-04-13,MARSEILLAN-INRAE,43.328333,3.565333,1,0.0,14.3
2026-04-14,MARSEILLAN-INRAE,43.328333,3.565333,1,0.0,14.15
2026-04-15,MARSEILLAN-INRAE,43.328333,3.565333,1,0.0,14.4
2026-04-16,MARSEILLAN-INRAE,43.328333,3.565333,1,0.0,15.1
2026-04-17,MARSEILLAN-INRAE,43.328333,3.565333,1,0.0,15.05
2026-04-18,MARSEILLAN-INRAE,43.328333,3.565333,1,0.0,15.1
2026-04-19,MARSEILLAN-INRAE,43.328333,3.565333,1,,
2026-04-05,MARSILLARGUES,43.633833,4.168,4,0.0,14.9
2026-04-06,MARSILLARGUES,43.633833,4.168,4,0.0,16.25
2026-04-07,MARSILLARGUES,43.633833,4.168,4,0.0,14.65
2026-04-08,MARSILLARGUES,43.633833,4.168,4,0.0,14.45
2026-04-09,MARSILLARGUES,43.633833,4.168,4,0.0,17.5
2026-04-10,MARSILLARGUES,43.633833,4.168,4,0.0,15.7
2026-04-11,MARSILLARGUES,43.633833,4.168,4,0.0,12.55
2026-04-12,MARSILLARGUES,43.633833,4.168,4,0.0,12.0
2026-04-13,MARSILLARGUES,43.633833,4.168,4,0.0,13.05
2026-04-14,MARSILLARGUES,43.633833,4.168,4,0.0,12.4
2026-04-15,MARSILLARGUES,43.633833,4.168,4,0.0,12.5
2026-04-16,MARSILLARGUES,43.633833,4.168,4,0.0,13.05
2026-04-17,MARSILLARGUES,43.633833,4.168,4,0.0,12.85
2026-04-18,MARSILLARGUES,43.633833,4.168,4,0.0,13.25
2026-04-19,MARSILLARGUES,43.633833,4.168,4,,
2026-04-05,MONTARNAUD,43.635833,3.688167,148,0.0,14.25
2026-04-06,MONTARNAUD,43.635833,3.688167,148,0.0,16.35
2026-04-07,MONTARNAUD,43.635833,3.688167,148,0.0,14.55
2026-04-08,MONTARNAUD,43.635833,3.688167,148,0.0,14.55
2026-04-09,MONTARNAUD,43.635833,3.688167,148,0.0,18.25
2026-04-10,MONTARNAUD,43.635833,3.688167,148,0.0,14.15
2026-04-11,MONTARNAUD,43.635833,3.688167,148,0.0,12.25
2026-04-12,MONTARNAUD,43.635833,3.688167,148,0.0,11.5
2026-04-13,MONTARNAUD,43.635833,3.688167,148,0.4,13.15
2026-04-14,MONTARNAUD,43.635833,3.688167,148,0.0,12.5
2026-04-15,MONTARNAUD,43.635833,3.688167,148,0.0,13.35
2026-04-16,MONTARNAUD,43.635833,3.688167,148,0.2,13.9
2026-04-17,MONTARNAUD,43.635833,3.688167,148,0.0,14.0
2026-04-18,MONTARNAUD,43.635833,3.688167,148,0.8,13.85
2026-04-19,MONTARNAUD,43.635833,3.688167,148,,
2026-04-05,MONTPELLIER-AEROPORT,43.576167,3.964667,1,0.0,14.3
2026-04-06,MONTPELLIER-AEROPORT,43.576167,3.964667,1,0.0,15.15
2026-04-07,MONTPELLIER-AEROPORT,43.576167,3.964667,1,0.0,14.25
2026-04-08,MONTPELLIER-AEROPORT,43.576167,3.964667,1,0.0,14.65
2026-04-09,MONTPELLIER-AEROPORT,43.576167,3.964667,1,0.0,17.05
2026-04-10,MONTPELLIER-AEROPORT,43.576167,3.964667,1,0.0,15.85
2026-04-11,MONTPELLIER-AEROPORT,43.576167,3.964667,1,0.0,12.75
2026-04-12,MONTPELLIER-AEROPORT,43.576167,3.964667,1,0.0,12.55
2026-04-13,MONTPELLIER-AEROPORT,43.576167,3.964667,1,0.0,13.45
2026-04-14,MONTPELLIER-AEROPORT,43.576167,3.964667,1,0.0,13.1
2026-04-15,MONTPELLIER-AEROPORT,43.576167,3.964667,1,0.0,13.05
2026-04-16,MONTPELLIER-AEROPORT,43.576167,3.964667,1,0.0,13.7
2026-04-17,MONTPELLIER-AEROPORT,43.576167,3.964667,1,0.0,13.5
2026-04-18,MONTPELLIER-AEROPORT,43.576167,3.964667,1,0.0,13.85
2026-04-19,MONTPELLIER-AEROPORT,43.576167,3.964667,1,,
2026-04-05,MOULES-ET-BAUCELS,43.948,3.752,252,0.0,17.35
2026-04-06,MOULES-ET-BAUCELS,43.948,3.752,252,0.0,18.05
2026-04-07,MOULES-ET-BAUCELS,43.948,3.752,252,0.0,15.15
2026-04-08,MOULES-ET-BAUCELS,43.948,3.752,252,0.0,16.1
2026-04-09,MOULES-ET-BAUCELS,43.948,3.752,252,0.0,19.15
2026-04-10,MOULES-ET-BAUCELS,43.948,3.752,252,0.0,14.3
2026-04-11,MOULES-ET-BAUCELS,43.948,3.752,252,0.0,12.35
2026-04-12,MOULES-ET-BAUCELS,43.948,3.752,252,0.0,11.45
2026-04-13,MOULES-ET-BAUCELS,43.948,3.752,252,0.4,12.5
2026-04-14,MOULES-ET-BAUCELS,43.948,3.752,252,0.0,11.4
2026-04-15,MOULES-ET-BAUCELS,43.948,3.752,252,0.2,12.7
2026-04-16,MOULES-ET-BAUCELS,43.948,3.752,252,0.2,13.35
2026-04-17,MOULES-ET-BAUCELS,43.948,3.752,252,0.4,13.4
2026-04-18,MOULES-ET-BAUCELS,43.948,3.752,252,1.2,13.5
2026-04-19,MOULES-ET-BAUCELS,43.948,3.752,252,,
2026-04-05,MURVIEL LES BEZIERS,43.476,3.146,140,0.0,17.1
2026-04-06,MURVIEL LES BEZIERS,43.476,3.146,140,0.0,16.8
2026-04-07,MURVIEL LES BEZIERS,43.476,3.146,140,0.0,14.95
2026-04-08,MURVIEL LES BEZIERS,43.476,3.146,140,0.0,16.1
2026-04-09,MURVIEL LES BEZIERS,43.476,3.146,140,0.0,19.8
2026-04-10,MURVIEL LES BEZIERS,43.476,3.146,140,0.0,14.65
2026-04-11,MURVIEL LES BEZIERS,43.476,3.146,140,0.0,12.55
2026-04-12,MURVIEL LES BEZIERS,43.476,3.146,140,0.0,12.3
2026-04-13,MURVIEL LES BEZIERS,43.476,3.146,140,0.6,13.45
2026-04-14,MURVIEL LES BEZIERS,43.476,3.146,140,0.0,12.35
2026-04-15,MURVIEL LES BEZIERS,43.476,3.146,140,0.2,13.3
2026-04-16,MURVIEL LES BEZIERS,43.476,3.146,140,0.0,14.3
2026-04-17,MURVIEL LES BEZIERS,43.476,3.146,140,0.2,14.3
2026-04-18,MURVIEL LES BEZIERS,43.476,3.146,140,0.8,14.1
2026-04-19,MURVIEL LES BEZIERS,43.476,3.146,140,,
2026-04-05,PEZENAS-TOURBES,43.437667,3.400333,40,0.0,16.05
2026-04-06,PEZENAS-TOURBES,43.437667,3.400333,40,0.0,16.6
2026-04-07,PEZENAS-TOURBES,43.437667,3.400333,40,0.0,15.5
2026-04-08,PEZENAS-TOURBES,43.437667,3.400333,40,0.0,16.25
2026-04-09,PEZENAS-TOURBES,43.437667,3.400333,40,0.0,20.0
2026-04-10,PEZENAS-TOURBES,43.437667,3.400333,40,0.0,15.85
2026-04-11,PEZENAS-TOURBES,43.437667,3.400333,40,0.0,13.05
2026-04-12,PEZENAS-TOURBES,43.437667,3.400333,40,0.0,12.65
2026-04-13,PEZENAS-TOURBES,43.437667,3.400333,40,0.0,13.8
2026-04-14,PEZENAS-TOURBES,43.437667,3.400333,40,0.0,13.35
2026-04-15,PEZENAS-TOURBES,43.437667,3.400333,40,0.0,13.85
2026-04-16,PEZENAS-TOURBES,43.437667,3.400333,40,0.0,14.8
2026-04-17,PEZENAS-TOURBES,43.437667,3.400333,40,0.0,14.7
2026-04-18,PEZENAS-TOURBES,43.437667,3.400333,40,0.8,14.65
2026-04-19,PEZENAS-TOURBES,43.437667,3.400333,40,,
2026-04-05,PRADES LE LEZ,43.718333,3.866667,69,0.0,14.0
2026-04-06,PRADES LE LEZ,43.718333,3.866667,69,0.0,16.0
2026-04-07,PRADES LE LEZ,43.718333,3.866667,69,0.0,14.8
2026-04-08,PRADES LE LEZ,43.718333,3.866667,69,0.0,14.4
2026-04-09,PRADES LE LEZ,43.718333,3.866667,69,0.0,18.4
2026-04-10,PRADES LE LEZ,43.718333,3.866667,69,0.0,14.85
2026-04-11,PRADES LE LEZ,43.718333,3.866667,69,0.0,12.4
2026-04-12,PRADES LE LEZ,43.718333,3.866667,69,0.0,11.95
2026-04-13,PRADES LE LEZ,43.718333,3.866667,69,0.4,13.1
2026-04-14,PRADES LE LEZ,43.718333,3.866667,69,0.0,12.25
2026-04-15,PRADES LE LEZ,43.718333,3.866667,69,0.0,12.85
2026-04-16,PRADES LE LEZ,43.718333,3.866667,69,0.2,13.4
2026-04-17,PRADES LE LEZ,43.718333,3.866667,69,0.0,13.45
2026-04-18,PRADES LE LEZ,43.718333,3.866667,69,0.8,13.55
2026-04-19,PRADES LE LEZ,43.718333,3.866667,69,,
2026-04-05,ROUJAN-INRAE,43.491667,3.321333,73,0.0,17.65
2026-04-06,ROUJAN-INRAE,43.491667,3.321333,73,0.0,17.25
2026-04-07,ROUJAN-INRAE,43.491667,3.321333,73,0.0,15.6
2026-04-08,ROUJAN-INRAE,43.491667,3.321333,73,0.0,16.25
2026-04-09,ROUJAN-INRAE,43.491667,3.321333,73,0.0,20.05
2026-04-10,ROUJAN-INRAE,43.491667,3.321333,73,0.0,15.4
2026-04-11,ROUJAN-INRAE,43.491667,3.321333,73,0.0,13.0
2026-04-12,ROUJAN-INRAE,43.491667,3.321333,73,0.0,12.5
2026-04-13,ROUJAN-INRAE,43.491667,3.321333,73,0.6,13.85
2026-04-14,ROUJAN-INRAE,43.491667,3.321333,73,0.0,13.05
2026-04-15,ROUJAN-INRAE,43.491667,3.321333,73,0.2,13.95
2026-04-16,ROUJAN-INRAE,43.491667,3.321333,73,0.0,14.85
2026-04-17,ROUJAN-INRAE,43.491667,3.321333,73,0.2,14.9
2026-04-18,ROUJAN-INRAE,43.491667,3.321333,73,0.8,14.75
2026-04-19,ROUJAN-INRAE,43.491667,3.321333,73,,
2026-04-05,SETE,43.397333,3.692167,75,0.0,15.5
2026-04-06,SETE,43.397333,3.692167,75,0.0,14.3
2026-04-07,SETE,43.397333,3.692167,75,0.0,14.25
2026-04-08,SETE,43.397333,3.692167,75,0.0,15.35
2026-04-09,SETE,43.397333,3.692167,75,0.0,19.05
2026-04-10,SETE,43.397333,3.692167,75,0.0,16.3
2026-04-11,SETE,43.397333,3.692167,75,0.0,13.6
2026-04-12,SETE,43.397333,3.692167,75,0.0,13.15
2026-04-13,SETE,43.397333,3.692167,75,0.4,14.35
2026-04-14,SETE,43.397333,3.692167,75,0.0,14.8
2026-04-15,SETE,43.397333,3.692167,75,0.0,14.9
2026-04-16,SETE,43.397333,3.692167,75,0.0,15.6
2026-04-17,SETE,43.397333,3.692167,75,0.0,15.55
2026-04-18,SETE,43.397333,3.692167,75,0.6,15.5
2026-04-19,SETE,43.397333,3.692167,75,,
2026-04-05,SIRAN,43.3265,2.675167,137,0.0,15.3
2026-04-06,SIRAN,43.3265,2.675167,137,0.0,16.85
2026-04-07,SIRAN,43.3265,2.675167,137,0.0,15.8
2026-04-08,SIRAN,43.3265,2.675167,137,0.0,16.55
2026-04-09,SIRAN,43.3265,2.675167,137,0.0,20.25
2026-04-10,SIRAN,43.3265,2.675167,137,0.0,15.55
2026-04-11,SIRAN,43.3265,2.675167,137,0.0,13.1
2026-04-12,SIRAN,43.3265,2.675167,137,0.0,13.05
2026-04-13,SIRAN,43.3265,2.675167,137,1.0,13.45
2026-04-14,SIRAN,43.3265,2.675167,137,0.0,12.8
2026-04-15,SIRAN,43.3265,2.675167,137,0.4,13.4
2026-04-16,SIRAN,43.3265,2.675167,137,0.0,14.0
2026-04-17,SIRAN,43.3265,2.675167,137,0.0,14.25
2026-04-18,SIRAN,43.3265,2.675167,137,0.8,13.8
2026-04-19,SIRAN,43.3265,2.675167,137,,
2026-04-05,SOUMONT,43.707,3.3475,252,0.0,17.05
2026-04-06,SOUMONT,43.707,3.3475,252,0.0,17.65
2026-04-07,SOUMONT,43.707,3.3475,252,0.0,13.05
2026-04-08,SOUMONT,43.707,3.3475,252,0.0,14.15
2026-04-09,SOUMONT,43.707,3.3475,252,0.0,17.15
2026-04-10,SOUMONT,43.707,3.3475,252,0.0,11.5
2026-04-11,SOUMONT,43.707,3.3475,252,0.0,10.2
2026-04-12,SOUMONT,43.707,3.3475,252,0.2,9.05
2026-04-13,SOUMONT,43.707,3.3475,252,0.8,9.55
2026-04-14,SOUMONT,43.707,3.3475,252,0.0,9.7
2026-04-15,SOUMONT,43.707,3.3475,252,0.4,10.7
2026-04-16,SOUMONT,43.707,3.3475,252,0.0,11.4
2026-04-17,SOUMONT,43.707,3.3475,252,0.2,11.4
2026-04-18,SOUMONT,43.707,3.3475,252,2.0,11.4
2026-04-19,SOUMONT,43.707,3.3475,252,,
2026-04-05,ST ANDRE DE SANGONIS,43.664167,3.507833,86,0.0,16.3
2026-04-06,ST ANDRE DE SANGONIS,43.664167,3.507833,86,0.0,17.3
2026-04-07,ST ANDRE DE SANGONIS,43.664167,3.507833,86,0.0,15.3
2026-04-08,ST ANDRE DE SANGONIS,43.664167,3.507833,86,0.0,15.75
2026-04-09,ST ANDRE DE SANGONIS,43.664167,3.507833,86,0.0,19.5
2026-04-10,ST ANDRE DE SANGONIS,43.664167,3.507833,86,0.0,15.0
2026-04-11,ST ANDRE DE SANGONIS,43.664167,3.507833,86,0.0,13.25
2026-04-12,ST ANDRE DE SANGONIS,43.664167,3.507833,86,0.0,11.85
2026-04-13,ST ANDRE DE SANGONIS,43.664167,3.507833,86,0.6,13.25
2026-04-14,ST ANDRE DE SANGONIS,43.664167,3.507833,86,0.0,13.15
2026-04-15,ST ANDRE DE SANGONIS,43.664167,3.507833,86,0.4,13.8
2026-04-16,ST ANDRE DE SANGONIS,43.664167,3.507833,86,0.2,14.7
2026-04-17,ST ANDRE DE SANGONIS,43.664167,3.507833,86,0.2,14.6
2026-04-18,ST ANDRE DE SANGONIS,43.664167,3.507833,86,2.8,14.4
2026-04-19,ST ANDRE DE SANGONIS,43.664167,3.507833,86,,
2026-04-05,ST JEAN DE MINERVOIS,43.385667,2.857667,258,0.0,18.0
2026-04-06,ST JEAN DE MINERVOIS,43.385667,2.857667,258,0.0,16.9
2026-04-07,ST JEAN DE MINERVOIS,43.385667,2.857667,258,0.0,15.75
2026-04-08,ST JEAN DE MINERVOIS,43.385667,2.857667,258,0.0,17.5
2026-04-09,ST JEAN DE MINERVOIS,43.385667,2.857667,258,0.0,20.35
2026-04-10,ST JEAN DE MINERVOIS,43.385667,2.857667,258,0.0,14.7
2026-04-11,ST JEAN DE MINERVOIS,43.385667,2.857667,258,0.0,12.15
2026-04-12,ST JEAN DE MINERVOIS,43.385667,2.857667,258,0.0,11.95
2026-04-13,ST JEAN DE MINERVOIS,43.385667,2.857667,258,1.8,12.75
2026-04-14,ST JEAN DE MINERVOIS,43.385667,2.857667,258,0.0,12.15
2026-04-15,ST JEAN DE MINERVOIS,43.385667,2.857667,258,0.6,12.9
2026-04-16,ST JEAN DE MINERVOIS,43.385667,2.857667,258,0.4,13.8
2026-04-17,ST JEAN DE MINERVOIS,43.385667,2.857667,258,0.8,13.9
2026-04-18,ST JEAN DE MINERVOIS,43.385667,2.857667,258,1.8,13.45
2026-04-19,ST JEAN DE MINERVOIS,43.385667,2.857667,258,,
2026-04-05,ST MARTIN DE LONDRES,43.7795,3.729333,214,0.0,14.85
2026-04-06,ST MARTIN DE LONDRES,43.7795,3.729333,214,0.0,15.85
2026-04-07,ST MARTIN DE LONDRES,43.7795,3.729333,214,0.0,13.7
2026-04-08,ST MARTIN DE LONDRES,43.7795,3.729333,214,0.0,14.15
2026-04-09,ST MARTIN DE LONDRES,43.7795,3.729333,214,0.0,17.95
2026-04-10,ST MARTIN DE LONDRES,43.7795,3.729333,214,0.0,13.6
2026-04-11,ST MARTIN DE LONDRES,43.7795,3.729333,214,0.0,11.45
2026-04-12,ST MARTIN DE LONDRES,43.7795,3.729333,214,0.0,10.65
2026-04-13,ST MARTIN DE LONDRES,43.7795,3.729333,214,0.4,12.25
2026-04-14,ST MARTIN DE LONDRES,43.7795,3.729333,214,0.0,11.35
2026-04-15,ST MARTIN DE LONDRES,43.7795,3.729333,214,0.0,12.25
2026-04-16,ST MARTIN DE LONDRES,43.7795,3.729333,214,0.2,12.8
2026-04-17,ST MARTIN DE LONDRES,43.7795,3.729333,214,0.0,12.85
2026-04-18,ST MARTIN DE LONDRES,43.7795,3.729333,214,0.8,12.85
2026-04-19,ST MARTIN DE LONDRES,43.7795,3.729333,214,,
2026-04-05,ST MAURICE-NAVACELLE,43.841333,3.522333,584,0.0,11.05
2026-04-06,ST MAURICE-NAVACELLE,43.841333,3.522333,584,0.0,16.4
2026-04-07,ST MAURICE-NAVACELLE,43.841333,3.522333,584,0.0,13.65
2026-04-08,ST MAURICE-NAVACELLE,43.841333,3.522333,584,0.0,14.55
2026-04-09,ST MAURICE-NAVACELLE,43.841333,3.522333,584,0.0,16.15
2026-04-10,ST MAURICE-NAVACELLE,43.841333,3.522333,584,0.0,11.25
2026-04-11,ST MAURICE-NAVACELLE,43.841333,3.522333,584,0.0,10.0
2026-04-12,ST MAURICE-NAVACELLE,43.841333,3.522333,584,0.0,8.6
2026-04-13,ST MAURICE-NAVACELLE,43.841333,3.522333,584,0.6,9.6
2026-04-14,ST MAURICE-NAVACELLE,43.841333,3.522333,584,0.0,9.9
2026-04-15,ST MAURICE-NAVACELLE,43.841333,3.522333,584,0.4,10.8
2026-04-16,ST MAURICE-NAVACELLE,43.841333,3.522333,584,0.2,11.3
2026-04-17,ST MAURICE-NAVACELLE,43.841333,3.522333,584,0.2,11.45
2026-04-18,ST MAURICE-NAVACELLE,43.841333,3.522333,584,2.8,11.45
2026-04-19,ST MAURICE-NAVACELLE,43.841333,3.522333,584,,
2026-04-05,VAILHAN,43.546833,3.299333,122,0.0,17.4
2026-04-06,VAILHAN,43.546833,3.299333,122,0.0,16.45
2026-04-07,VAILHAN,43.546833,3.299333,122,0.0,15.2
2026-04-08,VAILHAN,43.546833,3.299333,122,0.0,15.7
2026-04-09,VAILHAN,43.546833,3.299333,122,0.0,19.55
2026-04-10,VAILHAN,43.546833,3.299333,122,0.0,14.9
2026-04-11,VAILHAN,43.546833,3.299333,122,0.0,12.8
2026-04-12,VAILHAN,43.546833,3.299333,122,0.0,12.15
2026-04-13,VAILHAN,43.546833,3.299333,122,0.6,13.35
2026-04-14,VAILHAN,43.546833,3.299333,122,0.0,12.6
2026-04-15,VAILHAN,43.546833,3.299333,122,0.2,13.65
2026-04-16,VAILHAN,43.546833,3.299333,122,0.0,14.45
2026-04-17,VAILHAN,43.546833,3.299333,122,0.2,14.6
2026-04-18,VAILHAN,43.546833,3.299333,122,0.8,14.35
2026-04-19,VAILHAN,43.546833,3.299333,122,,
2026-04-05,VILLENEUVE-LES-MAG-INRAE,43.538167,3.853833,20,0.0,13.7
2026-04-06,VILLENEUVE-LES-MAG-INRAE,43.538167,3.853833,20,0.0,14.2
2026-04-07,VILLENEUVE-LES-MAG-INRAE,43.538167,3.853833,20,0.0,13.55
2026-04-08,VILLENEUVE-LES-MAG-INRAE,43.538167,3.853833,20,0.0,14.45
2026-04-09,VILLENEUVE-LES-MAG-INRAE,43.538167,3.853833,20,0.0,18.35
2026-04-10,VILLENEUVE-LES-MAG-INRAE,43.538167,3.853833,20,0.0,15.9
2026-04-11,VILLENEUVE-LES-MAG-INRAE,43.538167,3.853833,20,0.0,12.9
2026-04-12,VILLENEUVE-LES-MAG-INRAE,43.538167,3.853833,20,0.0,12.6
2026-04-13,VILLENEUVE-LES-MAG-INRAE,43.538167,3.853833,20,0.4,13.55
2026-04-14,VILLENEUVE-LES-MAG-INRAE,43.538167,3.853833,20,0.0,13.5
2026-04-15,VILLENEUVE-LES-MAG-INRAE,43.538167,3.853833,20,0.0,13.55
2026-04-16,VILLENEUVE-LES-MAG-INRAE,43.538167,3.853833,20,0.0,14.3
2026-04-17,VILLENEUVE-LES-MAG-INRAE,43.538167,3.853833,20,0.0,14.15
2026-04-18,VILLENEUVE-LES-MAG-INRAE,43.538167,3.853833,20,0.6,14.2
2026-04-19,VILLENEUVE-LES-MAG-INRAE,43.538167,3.853833,20,,
