FECHA,NOM_POSTE,LAT,LON,ALT,RR,TM
2026-10-04,BEDARIEUX,43.639833,3.146,373,27.1,17.85
2026-10-05,BEDARIEUX,43.639833,3.146,373,8.6,18.7
2026-10-06,BEDARIEUX,43.639833,3.146,373,15.3,17.15
2026-10-07,BEDARIEUX,43.639833,3.146,373,43.6,18.35
2026-10-08,BEDARIEUX,43.639833,3.146,373,2.5,15.65
2026-10-09,BEDARIEUX,43.639833,3.146,373,0.0,12.45
2026-10-10,BEDARIEUX,43.639833,3.146,373,0.0,13.05
2026-10-11,BEDARIEUX,43.639833,3.146,373,0.2,14.3
2026-10-12,BEDARIEUX,43.639833,3.146,373,0.4,14.75
2026-10-13,BEDARIEUX,43.639833,3.146,373,0.0,14.85
2026-10-14,BEDARIEUX,43.639833,3.146,373,0.0,15.4
2026-10-15,BEDARIEUX,43.639833,3.146,373,0.0,15.25
2026-10-16,BEDARIEUX,43.639833,3.146,373,0.0,15.25
2026-10-17,BEDARIEUX,43.639833,3.146,373,0.0,15.1
2026-10-18,BEDARIEUX,43.639833,3.146,373,0.6,14.9
2026-10-04,BEZIERS-COURTADE,43.334333,3.155,25,33.2,20.1
2026-10-05,BEZIERS-COURTADE,43.334333,3.155,25,16.6,20.05
2026-10-06,BEZIERS-COURTADE,43.334333,3.155,25,21.5,19.55
2026-10-07,BEZIERS-COURTADE,43.334333,3.155,25,48.3,20.65
2026-10-08,BEZIERS-COURTADE,43.334333,3.155,25,0.0,17.85
2026-10-09,BEZIERS-COURTADE,43.334333,3.155,25,0.0,14.55
2026-10-10,BEZIERS-COURTADE,43.334333,3.155,25,0.0,14.15
2026-10-11,BEZIERS-COURTADE,43.334333,3.155,25,0.0,15.5
2026-10-12,BEZIERS-COURTADE,43.334333,3.155,25,0.0,16.05
2026-10-13,BEZIERS-COURTADE,43.334333,3.155,25,0.0,16.0
2026-10-14,BEZIERS-COURTADE,43.334333,3.155,25,0.0,16.25
2026-10-15,BEZIERS-COURTADE,43.334333,3.155,25,0.0,16.55
2026-10-16,BEZIERS-COURTADE,43.334333,3.155,25,0.0,15.95
2026-10-17,BEZIERS-COURTADE,43.334333,3.155,25,0.0,16.5
2026-10-18,BEZIERS-COURTADE,43.334333,3.155,25,0.0,16.3
2026-10-04,BEZIERS-VIAS,43.322,3.352667,15,25.3,20.15
2026-10-05,BEZIERS-VIAS,43.322,3.352667,15,7.5,20.55
2026-10-06,BEZIERS-VIAS,43.322,3.352667,15,21.5,20.05
2026-10-07,BEZIERS-VIAS,43.322,3.352667,15,36.5,21.3
2026-10-08,BEZIERS-VIAS,43.322,3.352667,15,0.0,18.4
2026-10-09,BEZIERS-VIAS,43.322,3.352667,15,0.0,14.95
2026-10-10,BEZIERS-VIAS,43.322,3.352667,15,0.0,14.8
2026-10-11,BEZIERS-VIAS,43.322,3.352667,15,0.0,15.95
2026-10-12,BEZIERS-VIAS,43.322,3.352667,15,0.0,16.35
2026-10-13,BEZIERS-VIAS,43.322,3.352667,15,0.0,16.6
2026-10-14,BEZIERS-VIAS,43.322,3.352667,15,0.0,17.4
2026-10-15,BEZIERS-VIAS,43.322,3.352667,15,0.0,16.9
2026-10-16,BEZIERS-VIAS,43.322,3.352667,15,0.0,16.65
2026-10-17,BEZIERS-VIAS,43.322,3.352667,15,0.0,17.2
2026-10-18,BEZIERS-VIAS,43.322,3.352667,15,0.0,17.05
2026-10-04,CAMBON-ET-SALVERGUES,43.622333,2.865333,955,36.4,14.8
2026-10-05,CAMBON-ET-SALVERGUES,43.622333,2.865333,955,11.7,15.05
2026-10-06,CAMBON-ET-SALVERGUES,43.622333,2.865333,955,10.4,14.6
2026-10-07,CAMBON-ET-SALVERGUES,43.622333,2.865333,955,21.0,14.8
2026-10-08,CAMBON-ET-SALVERGUES,43.622333,2.865333,955,4.3,10.6
2026-10-09,CAMBON-ET-SALVERGUES,43.622333,2.865333,955,0.0,7.65
2026-10-10,CAMBON-ET-SALVERGUES,43.622333,2.865333,955,0.0,8.35
2026-10-11,CAMBON-ET-SALVERGUES,43.622333,2.865333,955,0.0,10.3
2026-10-12,CAMBON-ET-SALVERGUES,43.622333,2.865333,955,0.6,10.9
2026-10-13,CAMBON-ET-SALVERGUES,43.622333,2.865333,955,0.0,11.5
2026-10-14,CAMBON-ET-SALVERGUES,43.622333,2.865333,955,0.4,12.0
2026-10-15,CAMBON-ET-SALVERGUES,43.622333,2.865333,955,0.2,11.85
2026-10-16,CAMBON-ET-SALVERGUES,43.622333,2.865333,955,0.0,11.95
2026-10-17,CAMBON-ET-SALVERGUES,43.622333,2.865333,955,0.2,12.0
2026-10-18,CAMBON-ET-SALVERGUES,43.622333,2.865333,955,1.6,11.35
2026-10-04,CASTANET LE HAUT_SAPC,43.6675,2.976167,424,51.2,17.5
2026-10-05,CASTANET LE HAUT_SAPC,43.6675,2.976167,424,9.1,18.45
2026-10-06,CASTANET LE HAUT_SAPC,43.6675,2.976167,424,15.4,16.65
2026-10-07,CASTANET LE HAUT_SAPC,43.6675,2.976167,424,34.7,17.75
2026-10-08,CASTANET LE HAUT_SAPC,43.6675,2.976167,424,2.5,14.4
2026-10-09,CASTANET LE HAUT_SAPC,43.6675,2.976167,424,0.0,11.15
2026-10-10,CASTANET LE HAUT_SAPC,43.6675,2.976167,424,0.0,11.95
2026-10-11,CASTANET LE HAUT_SAPC,43.6675,2.976167,424,0.2,13.35
2026-10-12,CASTANET LE HAUT_SAPC,43.6675,2.976167,424,0.4,13.6
2026-10-13,CASTANET LE HAUT_SAPC,43.6675,2.976167,424,0.0,13.9
2026-10-14,CASTANET LE HAUT_SAPC,43.6675,2.976167,424,0.0,14.15
2026-10-15,CASTANET LE HAUT_SAPC,43.6675,2.976167,424,0.0,13.85
2026-10-16,CASTANET LE HAUT_SAPC,43.6675,2.976167,424,0.0,14.15
2026-10-17,CASTANET LE HAUT_SAPC,43.6675,2.976167,424,0.0,14.1
2026-10-18,CASTANET LE HAUT_SAPC,43.6675,2.976167,424,0.6,13.45
2026-10-04,LA VACQUERIE_SAPC,43.792,3.457833,620,11.6,16.0
2026-10-05,LA VACQUERIE_SAPC,43.792,3.457833,620,12.2,17.75
2026-10-06,LA VACQUERIE_SAPC,43.792,3.457833,620,31.0,15.2
2026-10-07,LA VACQUERIE_SAPC,43.792,3.457833,620,68.9,16.25
2026-10-08,LA VACQUERIE_SAPC,43.792,3.457833,620,0.4,13.6
2026-10-09,LA VACQUERIE_SAPC,43.792,3.457833,620,0.0,10.15
2026-10-10,LA VACQUERIE_SAPC,43.792,3.457833,620,0.0,10.85
2026-10-11,LA VACQUERIE_SAPC,43.792,3.457833,620,0.0,12.4
2026-10-12,LA VACQUERIE_SAPC,43.792,3.457833,620,0.0,12.9
2026-10-13,LA VACQUERIE_SAPC,43.792,3.457833,620,0.0,13.3
2026-10-14,LA VACQUERIE_SAPC,43.792,3.457833,620,0.0,14.35
2026-10-15,LA VACQUERIE_SAPC,43.792,3.457833,620,0.0,13.35
2026-10-16,LA VACQUERIE_SAPC,43.792,3.457833,620,0.0,13.55
2026-10-17,LA VACQUERIE_SAPC,43.792,3.457833,620,0.0,13.8
2026-10-18,LA VACQUERIE_SAPC,43.792,3.457833,620,0.0,13.3
2026-10-04,LE CAYLAR_SAPC,43.867167,3.3085,729,5.9,15.4
2026-10-05,LE CAYLAR_SAPC,43.867167,3.3085,729,10.9,16.35
2026-10-06,LE CAYLAR_SAPC,43.867167,3.3085,729,15.2,14.15
2026-10-07,LE CAYLAR_SAPC,43.867167,3.3085,729,55.5,16.25
2026-10-08,LE CAYLAR_SAPC,43.867167,3.3085,729,1.0,12.25
2026-10-09,LE CAYLAR_SAPC,43.867167,3.3085,729,0.0,8.75
2026-10-10,LE CAYLAR_SAPC,43.867167,3.3085,729,0.0,9.45
2026-10-11,LE CAYLAR_SAPC,43.867167,3.3085,729,0.0,11.1
2026-10-12,LE CAYLAR_SAPC,43.867167,3.3085,729,0.0,11.8
2026-10-13,LE CAYLAR_SAPC,43.867167,3.3085,729,0.0,11.7
2026-10-14,LE CAYLAR_SAPC,43.867167,3.3085,729,0.0,12.85
2026-10-15,LE CAYLAR_SAPC,43.867167,3.3085,729,0.0,12.15
2026-10-16,LE CAYLAR_SAPC,43.867167,3.3085,729,0.0,12.55
2026-10-17,LE CAYLAR_SAPC,43.867167,3.3085,729,0.0,12.5
2026-10-18,LE CAYLAR_SAPC,43.867167,3.3085,729,0.0,11.85
2026-10-04,LES PLANS,43.786,3.246167,846,10.5,15.8
2026-10-05,LES PLANS,43.786,3.246167,846,14.4,17.55
2026-10-06,LES PLANS,43.786,3.246167,846,15.0,16.1
2026-10-07,LES PLANS,43.786,3.246167,846,55.3,16.75
2026-10-08,LES PLANS,43.786,3.246167,846,1.0,11.5
2026-10-09,LES PLANS,43.786,3.246167,846,0.0,8.2
2026-10-10,LES PLANS,43.786,3.246167,846,0.0,8.85
2026-10-11,LES PLANS,43.786,3.246167,846,0.0,11.1
2026-10-12,LES PLANS,43.786,3.246167,846,0.0,11.55
2026-10-13,LES PLANS,43.786,3.246167,846,0.0,12.8
2026-10-14,LES PLANS,43.786,3.246167,846,0.0,13.75
2026-10-15,LES PLANS,43.786,3.246167,846,0.0,12.8
2026-10-16,LES PLANS,43.786,3.246167,846,0.0,12.65
2026-10-17,LES PLANS,43.786,3.246167,846,0.0,13.15
2026-10-18,LES PLANS,43.786,3.246167,846,0.0,12.35
2026-10-04,LODEVE,43.730333,3.303167,184,15.9,19.0
2026-10-05,LODEVE,43.730333,3.303167,184,14.5,20.35
2026-10-06,LODEVE,43.730333,3.303167,184,21.0,19.15
2026-10-07,LODEVE,43.730333,3.303167,184,59.8,19.25
2026-10-08,LODEVE,43.730333,3.303167,184,1.0,17.5
2026-10-09,LODEVE,43.730333,3.303167,184,0.0,14.15
2026-10-10,LODEVE,43.730333,3.303167,184,0.0,14.7
2026-10-11,LODEVE,43.730333,3.303167,184,0.0,15.75
2026-10-12,LODEVE,43.730333,3.303167,184,0.0,16.4
2026-10-13,LODEVE,43.730333,3.303167,184,0.0,16.5
2026-10-14,LODEVE,43.730333,3.303167,184,0.0,17.15
2026-10-15,LODEVE,43.730333,3.303167,184,0.0,16.5
2026-10-16,LODEVE,43.730333,3.303167,184,0.0,16.55
2026-10-17,LODEVE,43.730333,3.303167,184,0.0,16.85
2026-10-18,LODEVE,43.730333,3.303167,184,0.0,16.5
2026-10-04,LUNAS,43.695833,3.170667,249,21.1,18.55
2026-10-05,LUNAS,43.695833,3.170667,249,11.3,19.4
2026-10-06,LUNAS,43.695833,3.170667,249,21.1,17.6
2026-10-07,LUNAS,43.695833,3.170667,249,53.9,18.85
2026-10-08,LUNAS,43.695833,3.170667,249,1.0,16.05
2026-10-09,LUNAS,43.695833,3.170667,249,0.0,13.05
2026-10-10,LUNAS,43.695833,3.170667,249,0.0,13.35
2026-10-11,LUNAS,43.695833,3.170667,249,0.0,14.6
2026-10-12,LUNAS,43.695833,3.170667,249,0.0,15.4
2026-10-13,LUNAS,43.695833,3.170667,249,0.0,15.15
2026-10-14,LUNAS,43.695833,3.170667,249,0.0,15.6
2026-10-15,LUNAS,43.695833,3.170667,249,0.0,15.8
2026-10-16,LUNAS,43.695833,3.170667,249,0.0,15.45
2026-10-17,LUNAS,43.695833,3.170667,249,0.0,15.5
2026-10-18,LUNAS,43.695833,3.170667,249,0.0,15.3
2026-10-04,MARSEILLAN-INRAE,43.328333,3.565333,1,7.3,21.2
2026-10-05,MARSEILLAN-INRAE,43.328333,3.565333,1,10.6,21.6
2026-10-06,MARSEILLAN-INRAE,43.328333,3.565333,1,22.8,21.0
2026-10-07,MARSEILLAN-INRAE,43.328333,3.565333,1,32.8,21.1
2026-10-08,MARSEILLAN-INRAE,43.328333,3.565333,1,0.0,19.2
2026-10-09,MARSEILLAN-INRAE,43.328333,3.565333,1,0.0,15.65
2026-10-10,MARSEILLAN-INRAE,43.328333,3.565333,1,0.0,15.6
2026-10-11,MARSEILLAN-INRAE,43.328333,3.565333,1,0.0,16.8
2026-10-12,MARSEILLAN-INRAE,43.328333,3.565333,1,0.0,16.8
2026-10-13,MARSEILLAN-INRAE,43.328333,3.565333,1,0.0,17.25
2026-10-14,MARSEILLAN-INRAE,43.328333,3.565333,1,0.0,18.1
2026-10-15,MARSEILLAN-INRAE,43.328333,3.565333,1,0.0,17.45
2026-10-16,MARSEILLAN-INRAE,43.328333,3.565333,1,0.0,16.8
2026-10-17,MARSEILLAN-INRAE,43.328333,3.565333,1,0.0,17.25
2026-10-18,MARSEILLAN-INRAE,43.328333,3.565333,1,0.0,17.55
2026-10-04,MARSILLARGUES,43.633833,4.168,4,2.7,20.05
2026-10-05,MARSILLARGUES,43.633833,4.168,4,1.5,20.5
2026-10-06,MARSILLARGUES,43.633833,4.168,4,16.2,19.9
2026-10-07,MARSILLARGUES,43.633833,4.168,4,73.1,20.3
2026-10-08,MARSILLARGUES,43.633833,4.168,4,0.7,18.85
2026-10-09,MARSILLARGUES,43.633833,4.168,4,0.0,14.6
2026-10-10,MARSILLARGUES,43.633833,4.168,4,0.0,14.4
2026-10-11,MARSILLARGUES,43.633833,4.168,4,0.0,15.9
2026-10-12,MARSILLARGUES,43.633833,4.168,4,0.0,16.45
2026-10-13,MARSILLARGUES,43.633833,4.168,4,0.0,16.5
2026-10-14,MARSILLARGUES,43.633833,4.168,4,0.0,17.05
2026-10-15,MARSILLARGUES,43.633833,4.168,4,0.0,16.85
2026-10-16,MARSILLARGUES,43.633833,4.168,4,0.0,16.35
2026-10-17,MARSILLARGUES,43.633833,4.168,4,0.0,17.45
2026-10-18,MARSILLARGUES,43.633833,4.168,4,0.0,17.15
2026-10-04,MONTARNAUD,43.635833,3.688167,148,10.8,18.8
2026-10-05,MONTARNAUD,43.635833,3.688167,148,15.8,19.8
2026-10-06,MONTARNAUD,43.635833,3.688167,148,40.9,18.4
2026-10-07,MONTARNAUD,43.635833,3.688167,148,70.7,19.4
2026-10-08,MONTARNAUD,43.635833,3.688167,148,0.1,17.8
2026-10-09,MONTARNAUD,43.635833,3.688167,148,0.0,14.35
2026-10-10,MONTARNAUD,43.635833,3.688167,148,0.0,14.3
2026-10-11,MONTARNAUD,43.635833,3.688167,148,0.0,16.0
2026-10-12,MONTARNAUD,43.635833,3.688167,148,0.0,16.0
2026-10-13,MONTARNAUD,43.635833,3.688167,148,0.0,16.05
2026-10-14,MONTARNAUD,43.635833,3.688167,148,0.0,16.65
2026-10-15,MONTARNAUD,43.635833,3.688167,148,0.0,16.3
2026-10-16,MONTARNAUD,43.635833,3.688167,148,0.0,16.1
2026-10-17,MONTARNAUD,43.635833,3.688167,148,0.0,16.3
2026-10-18,MONTARNAUD,43.635833,3.688167,148,0.0,16.05
2026-10-04,MONTPELLIER-AEROPORT,43.576167,3.964667,1,3.3,20.45
2026-10-05,MONTPELLIER-AEROPORT,43.576167,3.964667,1,0.6,20.3
2026-10-06,MONTPELLIER-AEROPORT,43.576167,3.964667,1,22.9,20.2
2026-10-07,MONTPELLIER-AEROPORT,43.576167,3.964667,1,62.3,20.35
2026-10-08,MONTPELLIER-AEROPORT,43.576167,3.964667,1,0.1,19.8
2026-10-09,MONTPELLIER-AEROPORT,43.576167,3.964667,1,0.0,16.15
2026-10-10,MONTPELLIER-AEROPORT,43.576167,3.964667,1,0.0,15.85
2026-10-11,MONTPELLIER-AEROPORT,43.576167,3.964667,1,0.0,17.1
2026-10-12,MONTPELLIER-AEROPORT,43.576167,3.964667,1,0.0,17.35
2026-10-13,MONTPELLIER-AEROPORT,43.576167,3.964667,1,0.0,17.15
2026-10-14,MONTPELLIER-AEROPORT,43.576167,3.964667,1,0.0,17.6
2026-10-15,MONTPELLIER-AEROPORT,43.576167,3.964667,1,0.0,17.45
2026-10-16,MONTPELLIER-AEROPORT,43.576167,3.964667,1,0.0,17.0
2026-10-17,MONTPELLIER-AEROPORT,43.576167,3.964667,1,0.0,17.6
2026-10-18,MONTPELLIER-AEROPORT,43.576167,3.964667,1,0.0,17.5
2026-10-04,MOULES-ET-BAUCELS,43.948,3.752,252,3.6,18.6
2026-10-05,MOULES-ET-BAUCELS,43.948,3.752,252,2.1,19.55
2026-10-06,MOULES-ET-BAUCELS,43.948,3.752,252,23.5,18.7
2026-10-07,MOULES-ET-BAUCELS,43.948,3.752,252,102.5,18.0
2026-10-08,MOULES-ET-BAUCELS,43.948,3.752,252,0.5,17.7
2026-10-09,MOULES-ET-BAUCELS,43.948,3.752,252,0.0,14.55
2026-10-10,MOULES-ET-BAUCELS,43.948,3.752,252,0.0,14.15
2026-10-11,MOULES-ET-BAUCELS,43.948,3.752,252,0.0,15.6
2026-10-12,MOULES-ET-BAUCELS,43.948,3.752,252,0.0,16.0
2026-10-13,MOULES-ET-BAUCELS,43.948,3.752,252,0.0,15.9
2026-10-14,MOULES-ET-BAUCELS,43.948,3.752,252,0.0,16.15
2026-10-15,MOULES-ET-BAUCELS,43.948,3.752,252,0.0,15.9
2026-10-16,MOULES-ET-BAUCELS,43.948,3.752,252,0.0,16.1
2026-10-17,MOULES-ET-BAUCELS,43.948,3.752,252,0.0,16.25
2026-10-18,MOULES-ET-BAUCELS,43.948,3.752,252,0.0,15.7
2026-10-04,MURVIEL LES BEZIERS,43.476,3.146,140,35.4,19.25
2026-10-05,MURVIEL LES BEZIERS,43.476,3.146,140,5.0,20.25
2026-10-06,MURVIEL LES BEZIERS,43.476,3.146,140,37.5,18.9
2026-10-07,MURVIEL LES BEZIERS,43.476,3.146,140,52.3,20.05
2026-10-08,MURVIEL LES BEZIERS,43.476,3.146,140,0.0,17.4
2026-10-09,MURVIEL LES BEZIERS,43.476,3.146,140,0.0,14.05
2026-10-10,MURVIEL LES BEZIERS,43.476,3.146,140,0.0,14.4
2026-10-11,MURVIEL LES BEZIERS,43.476,3.146,140,0.0,15.55
2026-10-12,MURVIEL LES BEZIERS,43.476,3.146,140,0.0,15.95
2026-10-13,MURVIEL LES BEZIERS,43.476,3.146,140,0.0,16.45
2026-10-14,MURVIEL LES BEZIERS,43.476,3.146,140,0.0,17.0
2026-10-15,MURVIEL LES BEZIERS,43.476,3.146,140,0.0,16.6
2026-10-16,MURVIEL LES BEZIERS,43.476,3.146,140,0.0,16.45
2026-10-17,MURVIEL LES BEZIERS,43.476,3.146,140,0.0,16.5
2026-10-18,MURVIEL LES BEZIERS,43.476,3.146,140,0.0,16.55
2026-10-04,PEZENAS-TOURBES,43.437667,3.400333,40,11.4,19.7
2026-10-05,PEZENAS-TOURBES,43.437667,3.400333,40,6.0,20.4
2026-10-06,PEZENAS-TOURBES,43.437667,3.400333,40,36.8,19.55
2026-10-07,PEZENAS-TOURBES,43.437667,3.400333,40,62.9,20.7
2026-10-08,PEZENAS-TOURBES,43.437667,3.400333,40,0.0,18.6
2026-10-09,PEZENAS-TOURBES,43.437667,3.400333,40,0.0,15.55
2026-10-10,PEZENAS-TOURBES,43.437667,3.400333,40,0.0,15.55
2026-10-11,PEZENAS-TOURBES,43.437667,3.400333,40,0.0,16.75
2026-10-12,PEZENAS-TOURBES,43.437667,3.400333,40,0.0,17.05
2026-10-13,PEZENAS-TOURBES,43.437667,3.400333,40,0.0,17.3
2026-10-14,PEZENAS-TOURBES,43.437667,3.400333,40,0.0,17.85
2026-10-15,PEZENAS-TOURBES,43.437667,3.400333,40,0.0,17.55
2026-10-16,PEZENAS-TOURBES,43.437667,3.400333,40,0.0,17.3
2026-10-17,PEZENAS-TOURBES,43.437667,3.400333,40,0.0,17.6
2026-10-18,PEZENAS-TOURBES,43.437667,3.400333,40,0.0,17.3
2026-10-04,PRADES LE LEZ,43.718333,3.866667,69,4.8,18.55
2026-10-05,PRADES LE LEZ,43.718333,3.866667,69,6.6,19.15
2026-10-06,PRADES LE LEZ,43.718333,3.866667,69,30.9,18.3
2026-10-07,PRADES LE LEZ,43.718333,3.866667,69,74.6,18.55
2026-10-08,PRADES LE LEZ,43.718333,3.866667,69,0.1,18.2
2026-10-09,PRADES LE LEZ,43.718333,3.866667,69,0.0,14.4
2026-10-10,PRADES LE LEZ,43.718333,3.866667,69,0.0,13.4
2026-10-11,PRADES LE LEZ,43.718333,3.866667,69,0.0,15.1
2026-10-12,PRADES LE LEZ,43.718333,3.866667,69,0.0,15.85
2026-10-13,PRADES LE LEZ,43.718333,3.866667,69,0.0,15.1
2026-10-14,PRADES LE LEZ,43.718333,3.866667,69,0.0,16.1
2026-10-15,PRADES LE LEZ,43.718333,3.866667,69,0.0,15.85
2026-10-16,PRADES LE LEZ,43.718333,3.866667,69,0.0,15.25
2026-10-17,PRADES LE LEZ,43.718333,3.866667,69,0.0,15.95
2026-10-18,PRADES LE LEZ,43.718333,3.866667,69,0.0,15.95
2026-10-04,ROUJAN-INRAE,43.491667,3.321333,73,18.4,19.5
2026-10-05,ROUJAN-INRAE,43.491667,3.321333,73,5.4,19.5
2026-10-06,ROUJAN-INRAE,43.491667,3.321333,73,38.0,18.6
2026-10-07,ROUJAN-INRAE,43.491667,3.321333,73,49.1,20.05
2026-10-08,ROUJAN-INRAE,43.491667,3.321333,73,0.0,16.65
2026-10-09,ROUJAN-INRAE,43.491667,3.321333,73,0.0,13.35
2026-10-10,ROUJAN-INRAE,43.491667,3.321333,73,0.0,13.9
2026-10-11,ROUJAN-INRAE,43.491667,3.321333,73,0.0,15.05
2026-10-12,ROUJAN-INRAE,43.491667,3.321333,73,0.0,15.45
2026-10-13,ROUJAN-INRAE,43.491667,3.321333,73,0.0,15.7
2026-10-14,ROUJAN-INRAE,43.491667,3.321333,73,0.0,15.65
2026-10-15,ROUJAN-INRAE,43.491667,3.321333,73,0.0,15.6
2026-10-16,ROUJAN-INRAE,43.491667,3.321333,73,0.0,15.4
2026-10-17,ROUJAN-INRAE,43.491667,3.321333,73,0.0,15.55
2026-10-18,ROUJAN-INRAE,43.491667,3.321333,73,0.0,15.95
2026-10-04,SETE,43.397333,3.692167,75,4.1,21.85
2026-10-05,SETE,43.397333,3.692167,75,8.3,20.85
2026-10-06,SETE,43.397333,3.692167,75,34.8,21.0
2026-10-07,SETE,43.397333,3.692167,75,51.2,21.15
2026-10-08,SETE,43.397333,3.692167,75,0.0,19.75
2026-10-09,SETE,43.397333,3.692167,75,0.0,16.6
2026-10-10,SETE,43.397333,3.692167,75,0.0,16.65
2026-10-11,SETE,43.397333,3.692167,75,0.0,18.2
2026-10-12,SETE,43.397333,3.692167,75,0.0,18.45
2026-10-13,SETE,43.397333,3.692167,75,0.0,18.8
2026-10-14,SETE,43.397333,3.692167,75,0.0,19.45
2026-10-15,SETE,43.397333,3.692167,75,0.0,18.75
2026-10-16,SETE,43.397333,3.692167,75,0.0,18.05
2026-10-17,SETE,43.397333,3.692167,75,0.0,18.4
2026-10-18,SETE,43.397333,3.692167,75,0.0,18.6
2026-10-04,SIRAN,43.3265,2.675167,137,58.0,19.15
2026-10-05,SIRAN,43.3265,2.675167,137,13.1,20.55
2026-10-06,SIRAN,43.3265,2.675167,137,6.1,19.15
2026-10-07,SIRAN,43.3265,2.675167,137,10.9,20.3
2026-10-08,SIRAN,43.3265,2.675167,137,0.8,17.3
2026-10-09,SIRAN,43.3265,2.675167,137,0.0,14.15
2026-10-10,SIRAN,43.3265,2.675167,137,0.0,14.55
2026-10-11,SIRAN,43.3265,2.675167,137,0.0,16.1
2026-10-12,SIRAN,43.3265,2.675167,137,0.0,16.4
2026-10-13,SIRAN,43.3265,2.675167,137,0.0,17.45
2026-10-14,SIRAN,43.3265,2.675167,137,0.0,17.75
2026-10-15,SIRAN,43.3265,2.675167,137,0.0,17.3
2026-10-16,SIRAN,43.3265,2.675167,137,0.0,16.85
2026-10-17,SIRAN,43.3265,2.675167,137,0.0,17.15
2026-10-18,SIRAN,43.3265,2.675167,137,0.0,17.1
2026-10-04,SOUMONT,43.707,3.3475,252,15.1,18.75
2026-10-05,SOUMONT,43.707,3.3475,252,15.1,19.65
2026-10-06,SOUMONT,43.707,3.3475,252,20.9,16.75
2026-10-07,SOUMONT,43.707,3.3475,252,62.9,17.4
2026-10-08,SOUMONT,43.707,3.3475,252,1.0,14.1
2026-10-09,SOUMONT,43.707,3.3475,252,0.0,10.9
2026-10-10,SOUMONT,43.707,3.3475,252,0.0,11.6
2026-10-11,SOUMONT,43.707,3.3475,252,0.0,13.35
2026-10-12,SOUMONT,43.707,3.3475,252,0.0,13.85
2026-10-13,SOUMONT,43.707,3.3475,252,0.0,14.65
2026-10-14,SOUMONT,43.707,3.3475,252,0.0,15.6
2026-10-15,SOUMONT,43.707,3.3475,252,0.0,14.55
2026-10-16,SOUMONT,43.707,3.3475,252,0.0,14.85
2026-10-17,SOUMONT,43.707,3.3475,252,0.0,15.05
2026-10-18,SOUMONT,43.707,3.3475,252,0.0,14.5
2026-10-04,ST ANDRE DE SANGONIS,43.664167,3.507833,86,10.5,19.45
2026-10-05,ST ANDRE DE SANGONIS,43.664167,3.507833,86,33.0,20.3
2026-10-06,ST ANDRE DE SANGONIS,43.664167,3.507833,86,37.9,19.6
2026-10-07,ST ANDRE DE SANGONIS,43.664167,3.507833,86,56.2,19.75
2026-10-08,ST ANDRE DE SANGONIS,43.664167,3.507833,86,0.4,17.85
2026-10-09,ST ANDRE DE SANGONIS,43.664167,3.507833,86,0.0,14.75
2026-10-10,ST ANDRE DE SANGONIS,43.664167,3.507833,86,0.0,14.8
2026-10-11,ST ANDRE DE SANGONIS,43.664167,3.507833,86,0.0,15.85
2026-10-12,ST ANDRE DE SANGONIS,43.664167,3.507833,86,0.0,16.3
2026-10-13,ST ANDRE DE SANGONIS,43.664167,3.507833,86,0.0,16.25
2026-10-14,ST ANDRE DE SANGONIS,43.664167,3.507833,86,0.0,16.85
2026-10-15,ST ANDRE DE SANGONIS,43.664167,3.507833,86,0.0,16.65
2026-10-16,ST ANDRE DE SANGONIS,43.664167,3.507833,86,0.0,16.6
2026-10-17,ST ANDRE DE SANGONIS,43.664167,3.507833,86,0.0,16.95
2026-10-18,ST ANDRE DE SANGONIS,43.664167,3.507833,86,0.0,16.65
2026-10-04,ST JEAN DE MINERVOIS,43.385667,2.857667,258,56.5,17.95
2026-10-05,ST JEAN DE MINERVOIS,43.385667,2.857667,258,14.0,19.65
2026-10-06,ST JEAN DE MINERVOIS,43.385667,2.857667,258,26.0,18.65
2026-10-07,ST JEAN DE MINERVOIS,43.385667,2.857667,258,35.1,19.95
2026-10-08,ST JEAN DE MINERVOIS,43.385667,2.857667,258,0.5,16.75
2026-10-09,ST JEAN DE MINERVOIS,43.385667,2.857667,258,0.0,13.6
2026-10-10,ST JEAN DE MINERVOIS,43.385667,2.857667,258,0.0,14.0
2026-10-11,ST JEAN DE MINERVOIS,43.385667,2.857667,258,0.0,15.8
2026-10-12,ST JEAN DE MINERVOIS,43.385667,2.857667,258,0.0,15.85
2026-10-13,ST JEAN DE MINERVOIS,43.385667,2.857667,258,0.0,16.65
2026-10-14,ST JEAN DE MINERVOIS,43.385667,2.857667,258,0.0,16.85
2026-10-15,ST JEAN DE MINERVOIS,43.385667,2.857667,258,0.0,16.35
2026-10-16,ST JEAN DE MINERVOIS,43.385667,2.857667,258,0.0,16.35
2026-10-17,ST JEAN DE MINERVOIS,43.385667,2.857667,258,0.0,16.6
2026-10-18,ST JEAN DE MINERVOIS,43.385667,2.857667,258,0.4,16.25
2026-10-04,ST MARTIN DE LONDRES,43.7795,3.729333,214,6.5,17.5
2026-10-05,ST MARTIN DE LONDRES,43.7795,3.729333,214,3.7,18.95
2026-10-06,ST MARTIN DE LONDRES,43.7795,3.729333,214,26.0,17.95
2026-10-07,ST MARTIN DE LONDRES,43.7795,3.729333,214,84.6,17.75
2026-10-08,ST MARTIN DE LONDRES,43.7795,3.729333,214,0.1,17.5
2026-10-09,ST MARTIN DE LONDRES,43.7795,3.729333,214,0.0,13.85
2026-10-10,ST MARTIN DE LONDRES,43.7795,3.729333,214,0.0,13.3
2026-10-11,ST MARTIN DE LONDRES,43.7795,3.729333,214,0.0,14.9
2026-10-12,ST MARTIN DE LONDRES,43.7795,3.729333,214,0.0,15.5
2026-10-13,ST MARTIN DE LONDRES,43.7795,3.729333,214,0.0,14.8
2026-10-14,ST MARTIN DE LONDRES,43.7795,3.729333,214,0.0,15.7
2026-10-15,ST MARTIN DE LONDRES,43.7795,3.729333,214,0.0,15.35
2026-10-16,ST MARTIN DE LONDRES,43.7795,3.729333,214,0.0,15.1
2026-10-17,ST MARTIN DE LONDRES,43.7795,3.729333,214,0.0,15.35
2026-10-18,ST MARTIN DE LONDRES,43.7795,3.729333,214,0.0,15.2
2026-10-04,ST MAURICE-NAVACELLE,43.841333,3.522333,584,11.8,13.75
2026-10-05,ST MAURICE-NAVACELLE,43.841333,3.522333,584,7.9,16.7
2026-10-06,ST MAURICE-NAVACELLE,43.841333,3.522333,584,29.9,14.6
2026-10-07,ST MAURICE-NAVACELLE,43.841333,3.522333,584,80.1,15.85
2026-10-08,ST MAURICE-NAVACELLE,43.841333,3.522333,584,0.4,14.05
2026-10-09,ST MAURICE-NAVACELLE,43.841333,3.522333,584,0.0,10.55
2026-10-10,ST MAURICE-NAVACELLE,43.841333,3.522333,584,0.0,10.95
2026-10-11,ST MAURICE-NAVACELLE,43.841333,3.522333,584,0.0,12.55
2026-10-12,ST MAURICE-NAVACELLE,43.841333,3.522333,584,0.0,12.9
2026-10-13,ST MAURICE-NAVACELLE,43.841333,3.522333,584,0.0,12.75
2026-10-14,ST MAURICE-NAVACELLE,43.841333,3.522333,584,0.0,13.65
2026-10-15,ST MAURICE-NAVACELLE,43.841333,3.522333,584,0.0,13.25
2026-10-16,ST MAURICE-NAVACELLE,43.841333,3.522333,584,0.0,13.3
2026-10-17,ST MAURICE-NAVACELLE,43.841333,3.522333,584,0.0,13.5
2026-10-18,ST MAURICE-NAVACELLE,43.841333,3.522333,584,0.0,12.95
2026-10-04,VAILHAN,43.546833,3.299333,122,19.9,20.25
2026-10-05,VAILHAN,43.546833,3.299333,122,14.2,21.3
2026-10-06,VAILHAN,43.546833,3.299333,122,38.0,18.9
2026-10-07,VAILHAN,43.546833,3.299333,122,50.9,20.05
2026-10-08,VAILHAN,43.546833,3.299333,122,0.0,17.1
2026-10-09,VAILHAN,43.546833,3.299333,122,0.0,14.0
2026-10-10,VAILHAN,43.546833,3.299333,122,0.0,14.5
2026-10-11,VAILHAN,43.546833,3.299333,122,0.0,15.85
2026-10-12,VAILHAN,43.546833,3.299333,122,0.0,16.35
2026-10-13,VAILHAN,43.546833,3.299333,122,0.0,16.85
2026-10-14,VAILHAN,43.546833,3.299333,122,0.0,17.05
2026-10-15,VAILHAN,43.546833,3.299333,122,0.0,16.75
2026-10-16,VAILHAN,43.546833,3.299333,122,0.0,16.75
2026-10-17,VAILHAN,43.546833,3.299333,122,0.0,16.65
2026-10-18,VAILHAN,43.546833,3.299333,122,0.0,16.7
2026-10-04,VILLENEUVE-LES-MAG-INRAE,43.538167,3.853833,20,3.2,19.8
2026-10-05,VILLENEUVE-LES-MAG-INRAE,43.538167,3.853833,20,27.1,20.4
2026-10-06,VILLENEUVE-LES-MAG-INRAE,43.538167,3.853833,20,35.7,20.1
2026-10-07,VILLENEUVE-LES-MAG-INRAE,43.538167,3.853833,20,51.9,20.25
2026-10-08,VILLENEUVE-LES-MAG-INRAE,43.538167,3.853833,20,0.0,19.05
2026-10-09,VILLENEUVE-LES-MAG-INRAE,43.538167,3.853833,20,0.0,15.55
2026-10-10,VILLENEUVE-LES-MAG-INRAE,43.538167,3.853833,20,0.0,15.4
2026-10-11,VILLENEUVE-LES-MAG-INRAE,43.538167,3.853833,20,0.0,16.5
2026-10-12,VILLENEUVE-LES-MAG-INRAE,43.538167,3.853833,20,0.0,16.9
2026-10-13,VILLENEUVE-LES-MAG-INRAE,43.538167,3.853833,20,0.0,17.05
2026-10-14,VILLENEUVE-LES-MAG-INRAE,43.538167,3.853833,20,0.0,17.8
2026-10-15,VILLENEUVE-LES-MAG-INRAE,43.538167,3.853833,20,0.0,17.5
2026-10-16,VILLENEUVE-LES-MAG-INRAE,43.538167,3.853833,20,0.0,17.05
2026-10-17,VILLENEUVE-LES-MAG-INRAE,43.538167,3.853833,20,0.0,17.5
2026-10-18,VILLENEUVE-LES-MAG-INRAE,43.538167,3.853833,20,0.0,17.3
